Name,Platform,Year_of_Release,Genre,Publisher,NA_Sales,EU_Sales,JP_Sales,Other_Sales,Global_Sales,Critic_Score,Critic_Count,User_Score,User_Count,Developer,Rating
Advance Wars: Days of Ruin,DS,2006,Strategy,Nintendo,0.43,0.12,0,0.05,0.61,86,55,8.7,96,Intelligent Systems,E10+
Advance Wars: Dual Strike,DS,2005,Strategy,Nintendo,0.3,0.02,0.04,0.03,0.39,90,49,9,163,Intelligent Systems,E
America's Test Kitchen: Let's Get Cooking,DS,2010,Simulation,Nintendo,0.25,0,0,0.02,0.26,87,4,5.6,9,Indies Zero,E
Animal Crossing: Amiibo Festival,WiiU,2015,Misc,Nintendo,0.19,0.11,0.09,0.03,0.41,46,20,4.4,173,"Nintendo, Nd Cube",E
Animal Crossing: City Folk,Wii,2008,Simulation,Nintendo,1.82,1.12,1.32,0.36,4.62,73,50,7.6,119,Nintendo,E
Animal Crossing: Happy Home Designer,3DS,2015,Simulation,Nintendo,0.51,1.02,1.4,0.12,3.05,66,60,6.9,106,Nintendo,E
Animal Crossing: New Leaf,3DS,2012,Simulation,Nintendo,2.03,2.36,4.39,0.39,9.16,88,70,8.7,626,Nintendo,E
Animal Crossing: Wild World,DS,2005,Simulation,Nintendo,2.5,3.45,5.33,0.86,12.13,86,57,8.7,242,Nintendo,E
Art Academy,DS,2010,Misc,Nintendo,0.26,1.65,0.33,0.28,2.52,75,15,8,5,Headstrong Games,E
Art Academy: Home Studio,WiiU,2015,Misc,Nintendo,0,0,0.01,0,0.01,82,9,8.3,20,Headstrong Games,E
Art Academy: Lessons for Everyone,3DS,2012,Action,Nintendo,0.2,0.04,0.21,0.02,0.46,81,14,7.6,22,"Nintendo, Headstrong Games",E
Battalion Wars 2,Wii,2007,Strategy,Nintendo,0.22,0.02,0.08,0.02,0.34,75,38,7.6,45,Kuju Entertainment,T
Bayonetta 2,WiiU,2014,Action,Nintendo,0.32,0.28,0.1,0.06,0.76,91,80,8.2,1217,PlatinumGames,M
Big Brain Academy,DS,2005,Misc,Nintendo,1.66,2.75,1.6,0.62,6.62,74,45,7.4,27,Nintendo,E
Big Brain Academy: Wii Degree,Wii,2007,Misc,Nintendo,1.05,1.91,0.41,0.42,3.79,68,33,6.9,39,Nintendo,E
Brain Age 2: More Training in Minutes a Day,DS,2005,Puzzle,Nintendo,3.43,5.35,5.32,1.18,15.29,77,37,7.1,19,Nintendo,E
Brain Age: Concentration Training,3DS,2012,Puzzle,Nintendo,0.09,0,0,0.01,0.09,71,11,7.9,17,Nintendo,E
Brain Age: Train Your Brain in Minutes a Day,DS,2005,Misc,Nintendo,4.74,9.2,4.16,2.04,20.15,77,58,7.9,50,Nintendo,E
Bravely Second: End Layer,3DS,2015,Role-Playing,Nintendo,0.17,0.1,0.18,0.03,0.49,81,70,7.4,103,Silicon Studio,T
Captain Toad: Treasure Tracker,WiiU,2014,Puzzle,Nintendo,0.53,0.38,0.19,0.09,1.19,81,78,8.6,377,Nintendo EAD Tokyo,E
Children of Mana,DS,2006,Role-Playing,Nintendo,0.16,0.01,0.29,0.01,0.48,65,34,6,21,Nex Entertainment,E10+
Clubhouse Games,DS,2006,Misc,Nintendo,0.59,1.79,0.73,0.34,3.45,83,30,8.4,28,Agenda,E
Code Name: S.T.E.A.M.,3DS,2015,Strategy,Nintendo,0.14,0.05,0.01,0.02,0.21,69,69,7.7,125,Intelligent Systems,T
Custom Robo Arena,DS,2006,Fighting,Nintendo,0.01,0.02,0.12,0,0.16,74,22,8.3,27,Noise Inc.,E10+
Devil's Third,WiiU,2015,Action,Nintendo,0.04,0.02,0,0.01,0.06,43,54,6.5,283,Valhalla Game Studios,M
Diddy Kong Racing DS,DS,2007,Racing,Nintendo,1.09,0.03,0,0.09,1.22,63,39,7.5,27,Rare Ltd.,E
Disney Art Academy,3DS,2016,Action,Nintendo,0.02,0.01,0.08,0,0.11,72,16,6.8,5,Headstrong Games,E
Disney Magical World,3DS,2013,Adventure,Nintendo,0.17,0.2,0.53,0.03,0.92,71,27,7.5,21,h.a.n.d. Inc.,E
Donkey Kong Barrel Blast,Wii,2007,Racing,Nintendo,0.19,0.26,0.11,0.06,0.62,46,34,6.8,26,Paon Corporation,E
Donkey Kong Country Returns,Wii,2010,Platform,Nintendo,3.17,1.79,1.03,0.46,6.44,87,77,8.6,368,Retro Studios,E
Donkey Kong Country: Tropical Freeze,WiiU,2014,Platform,Nintendo,0.7,0.55,0.16,0.12,1.52,83,77,8.9,712,Retro Studios,E
Dragon Quest IX: Sentinels of the Starry Skies,DS,2009,Role-Playing,Nintendo,0.63,0.67,4.35,0.15,5.78,87,65,8.8,197,Level 5,E10+
Dragon Quest VI: Realms of Revelation,DS,2010,Role-Playing,Nintendo,0.2,0.14,1.35,0.03,1.73,78,41,8.1,31,ArtePiazza,T
Electroplankton,DS,2005,Misc,Nintendo,0.01,0,0.02,0,0.03,71,49,7,37,Indies Zero,E
Elite Beat Agents,DS,2006,Misc,Nintendo,0.3,0.03,0,0.03,0.36,87,51,8.6,105,iNiS,E10+
Endless Ocean,Wii,2007,Adventure,Nintendo,0.43,0.46,0.09,0.09,1.06,72,42,8.1,61,Arika,E
Endless Ocean: Blue World,Wii,2009,Simulation,Nintendo,0.46,0.21,0.12,0.06,0.86,76,42,8.5,26,Arika,E10+
Etrian Odyssey,DS,2007,Role-Playing,Nintendo,0.19,0.02,0.09,0.02,0.33,75,30,8.5,37,"Lancarse, Atlus",T
Excite Truck,Wii,2006,Racing,Nintendo,0.39,0.03,0.08,0.04,0.53,72,57,8.4,83,Monster Games Inc.,E
ExciteBots: Trick Racing,Wii,2009,Racing,Nintendo,0.24,0,0,0.02,0.26,77,29,8.6,26,Monster Games Inc.,E
Fantasy Life,3DS,2012,Role-Playing,Nintendo,0.33,0.37,0.37,0.06,1.13,73,51,8.6,209,"Level 5, Brownie Brown",E10+
Fast Racing Neo ,WiiU,2016,Action,Nintendo,0,0.01,0,0,0.01,81,46,8.5,151,Shin'en,E
Fatal Frame: Maiden of Black Water,WiiU,2014,Action,Nintendo,0,0.03,0.08,0,0.11,67,58,7.6,226,Koei Tecmo Games,M
Fire Emblem: Awakening,3DS,2012,Role-Playing,Nintendo,0.9,0.45,0.54,0.13,2.01,92,72,9.1,1130,Intelligent Systems,T
Fire Emblem: Radiant Dawn,Wii,2007,Strategy,Nintendo,0.27,0.03,0.17,0.03,0.49,78,36,8.7,180,Intelligent Systems,E10+
Fire Emblem: Shadow Dragon,DS,2008,Role-Playing,Nintendo,0.29,0.02,0.27,0.03,0.61,81,42,7,106,Intelligent Systems,E10+
Flash Focus: Vision Training in Minutes a Day,DS,2007,Misc,Nintendo,0.86,1.56,1.05,0.35,3.83,59,22,4,4,"Nintendo, Namco Bandai Games",E
FlingSmash,Wii,2010,Action,Nintendo,0.37,0.01,0.07,0.02,0.47,48,26,6.8,13,Artoon,E
Fortune Street,Wii,2011,Misc,Nintendo,0.25,0.03,0.17,0.02,0.48,68,42,7.5,24,Marvelous AQL,E
Fossil Fighters,DS,2008,Role-Playing,Nintendo,0.83,0,0,0.06,0.89,70,17,7.9,15,RED Entertainment,E
Fossil Fighters: Champions,DS,2010,Role-Playing,Nintendo,0.31,0,0.34,0.02,0.67,68,8,7.1,11,"RED Entertainment, Artdink",E
Fossil Fighters: Frontier,3DS,2014,Role-Playing,Nintendo,0.08,0.04,0.23,0.01,0.36,57,25,4.8,19,"RED Entertainment, Spike Chunsoft",E10+
Glory of Heracles,DS,2008,Role-Playing,Nintendo,0.19,0,0.08,0.01,0.29,69,23,7.3,18,Paon Corporation,E10+
Golden Sun: Dark Dawn,DS,2010,Role-Playing,Nintendo,0.51,0.09,0.13,0.05,0.78,79,63,8.1,86,Camelot Software Planning,E10+
Heroes of Ruin,3DS,2012,Role-Playing,Nintendo,0.13,0.07,0,0.02,0.21,69,53,7.4,50,n-Space,T
Hotel Dusk: Room 215,DS,2007,Adventure,Nintendo,0.26,0.04,0.22,0.03,0.54,78,57,8.6,102,Cing,T
Hyrule Warriors,WiiU,2014,Action,Nintendo,0.58,0.42,0.13,0.1,1.23,76,81,8.3,662,Omega Force,T
Kid Icarus: Uprising,3DS,2012,Action,Nintendo,0.48,0.35,0.36,0.07,1.27,83,75,8.7,487,"Opus, Project Sora",E10+
Kirby and the Rainbow Curse,WiiU,2015,Platform,Nintendo,0.22,0.13,0.12,0.04,0.52,73,72,8,227,HAL Labs,E
Kirby Squeak Squad,DS,2006,Platform,Nintendo,0.78,0.02,1.05,0.08,1.94,71,29,8.1,41,"Flagship, HAL Labs",E
Kirby Super Star Ultra,DS,2008,Platform,Nintendo,1.55,0.04,1.19,0.15,2.92,76,40,8.8,76,HAL Labs,E
Kirby: Canvas Curse,DS,2005,Platform,Nintendo,0.36,0,0.32,0.03,0.72,86,48,8.2,87,HAL Labs,E
Kirby: Mass Attack,DS,2011,Platform,Nintendo,0.48,0.06,0.41,0.05,0.99,83,46,8.6,55,HAL Labs,E
Kirby: Planet Robobot,3DS,2016,Action,Nintendo,0.28,0.14,0.47,0.04,0.93,81,71,8.7,87,HAL Labs,E
Kirby: Triple Deluxe,3DS,2014,Platform,Nintendo,0.61,0.34,0.79,0.09,1.83,80,68,8.8,206,HAL Labs,E
Kirby's Dream Collection: Special Edition,Wii,2012,Action,Nintendo,0.33,0,0.33,0.02,0.67,82,6,8.8,37,HAL Labs,E10+
Kirby's Return to Dreamland,Wii,2011,Platform,Nintendo,0.58,0.21,0.79,0.07,1.65,77,49,8.5,156,HAL Labs,E10+
Kororinpa: Marble Mania,Wii,2006,Puzzle,Nintendo,0.08,0.02,0.03,0.01,0.13,69,39,8.7,21,Hudson,E
LEGO City Undercover,WiiU,2013,Platform,Nintendo,0.47,0.42,0.13,0.08,1.1,80,66,8.2,283,TT Games,E10+
Link's Crossbow Training,Wii,2007,Shooter,Nintendo,3.05,1.17,0.29,0.46,4.98,68,34,7.1,47,Nintendo,T
Luigi's Mansion: Dark Moon,3DS,2013,Action,Nintendo,1.8,1.39,1.11,0.29,4.59,86,74,8.4,458,Next Level Games,E
Magnetica,DS,2006,Puzzle,Nintendo,0.08,0.01,0.03,0.01,0.14,68,33,8.1,11,Mitchell,E
Mario Golf: World Tour,3DS,2014,Sports,Nintendo,0.15,0.13,0.17,0.03,0.48,78,73,8.2,76,Camelot Software Planning,E
Mario Hoops 3 on 3,DS,2006,Sports,Nintendo,0.98,0.04,0.49,0.09,1.6,69,40,8,37,Square Enix,E
Mario Kart 7,3DS,2011,Racing,Nintendo,5.03,4.02,2.69,0.91,12.66,85,73,8.2,632,"Retro Studios, Entertainment Analysis & Development Division",E
Mario Kart 8,WiiU,2014,Racing,Nintendo,3.15,2.15,1.28,0.51,7.09,88,82,9.1,1599,Nintendo,E
Mario Kart DS,DS,2005,Racing,Nintendo,9.71,7.47,4.13,1.9,23.21,91,64,8.6,464,Nintendo,E
Mario Kart Wii,Wii,2008,Racing,Nintendo,15.68,12.76,3.79,3.29,35.52,82,73,8.3,709,Nintendo,E
Mario Party 10,WiiU,2015,Misc,Nintendo,0.69,0.53,0.24,0.12,1.58,66,66,6.5,279,"Nintendo, Nd Cube",E
Mario Party 8,Wii,2007,Misc,Nintendo,3.74,2.24,1.58,0.7,8.27,62,41,6.3,190,Hudson,E
Mario Party 9,Wii,2012,Misc,Nintendo,1.06,1.09,0.76,0.22,3.13,73,45,6.8,155,Nd Cube,E
Mario Party DS,DS,2007,Misc,Nintendo,4.4,1.85,1.98,0.68,8.91,72,27,7.8,85,Hudson Soft,E
Mario Party: Island Tour,3DS,2013,Misc,Nintendo,0.62,0.64,0.55,0.11,1.92,57,47,6.3,117,"Nintendo, Nd Cube",E
Mario Party: Star Rush,3DS,2016,Misc,Nintendo,0.08,0.13,0.08,0.02,0.3,68,37,6.8,16,"Nintendo, Nd Cube",E
Mario Sports Mix,Wii,2010,Sports,Nintendo,0.88,0.44,0.63,0.12,2.08,64,54,7.1,34,Square Enix,E
Mario Strikers Charged,Wii,2007,Sports,Nintendo,1.05,1.05,0.24,0.24,2.58,79,47,8,124,Next Level Games,E10+
Mario Super Sluggers,Wii,2008,Sports,Nintendo,1.48,0,0.29,0.12,1.89,69,31,7.8,58,Namco Bandai Games,E
Mario Tennis Open,3DS,2012,Sports,Nintendo,0.26,0.29,0.34,0.05,0.95,69,58,6.9,110,Camelot Software Planning,E
Mario Tennis Ultra Smash,WiiU,2015,Sports,Nintendo,0.13,0.15,0.14,0.02,0.44,58,58,5.3,133,"Nintendo, Camelot Software Planning",E
Mario vs. Donkey Kong 2: March of the Minis,DS,2006,Puzzle,Nintendo,0.73,0.03,0.36,0.07,1.19,76,32,7.9,17,"Nintendo, Nintendo Software Technology",E
Mario vs. Donkey Kong: Mini-Land Mayhem!,DS,2010,Puzzle,Nintendo,1.63,0.51,0.35,0.18,2.67,79,51,7.7,18,Nintendo,E
Mario vs. Donkey Kong: Tipping Stars,3DS,2015,Puzzle,Nintendo,0,0,0.06,0,0.06,70,15,7.5,48,"Nintendo, Nintendo Software Technology",E
Mario vs. Donkey Kong: Tipping Stars,WiiU,2015,Puzzle,Nintendo,0,0,0.01,0,0.01,70,26,7.4,72,"Nintendo, Nintendo Software Technology",E
Meteos,DS,2005,Puzzle,Nintendo,0.15,0.01,0.06,0.01,0.23,88,49,7.5,164,Q Entertainment,E
Metroid Prime 3: Corruption,Wii,2007,Shooter,Nintendo,0.89,0.74,0.07,0.09,1.79,90,62,8.9,491,Retro Studios,T
Metroid Prime Hunters,DS,2006,Shooter,Nintendo,0.57,0.04,0.11,0.06,0.76,85,54,8,188,Nintendo,T
Metroid Prime Pinball,DS,2005,Misc,Nintendo,0.21,0,0.02,0.02,0.25,79,51,7.9,32,Fuse Games Limited,E
Metroid Prime: Federation Force,3DS,2016,Action,Nintendo,0.02,0.01,0.01,0,0.05,64,56,5.1,219,"Next Level Games, Nintendo",T
Metroid Prime: Trilogy,Wii,2009,Shooter,Nintendo,0.42,0.05,0,0.14,0.61,91,48,9.3,316,Retro Studios,T
Metroid: Other M,Wii,2010,Action,Nintendo,0.85,0.27,0.13,0.1,1.34,79,71,6.5,482,Team Ninja,T
Monster Hunter 4 Ultimate,3DS,2014,Role-Playing,Nintendo,0.68,0.48,2.62,0.11,3.89,86,80,8.7,348,Capcom,T
Monster Hunter Tri,Wii,2009,Role-Playing,Nintendo,0.65,0.4,1.05,0.11,2.22,84,70,8.6,219,Capcom,T
Mr. Driller: Drill Spirits,DS,2004,Puzzle,Nintendo,0.08,0,0.05,0.01,0.14,70,35,8.9,9,Namco,E
Mystery Case Files: The Malgrave Incident,Wii,2011,Adventure,Nintendo,0.17,0.13,0,0.03,0.32,65,26,8.2,5,Sanzaru Games,E
Naruto Shippuden: Clash of Ninja Revolution 3,Wii,2009,Fighting,Nintendo,0.44,0.03,0,0.04,0.51,74,23,8.1,21,8ing/Raizing,T
NES Remix,WiiU,2014,Action,Nintendo,0.17,0,0.08,0.02,0.28,71,34,7.1,133,Indies Zero,E
New Super Luigi U,WiiU,2013,Platform,Nintendo,1.25,0.62,0.18,0.18,2.24,77,59,7.9,288,Nintendo,E
New Super Mario Bros.,DS,2006,Platform,Nintendo,11.28,9.14,6.5,2.88,29.8,89,65,8.5,431,Nintendo,E
New Super Mario Bros. 2,3DS,2012,Platform,Nintendo,3.66,3.14,2.47,0.63,9.9,78,70,7.2,424,Nintendo,E
New Super Mario Bros. U,WiiU,2012,Platform,Nintendo,2.3,1.34,1.27,0.32,5.22,84,70,8.1,733,Nintendo,E
New Super Mario Bros. Wii,Wii,2009,Platform,Nintendo,14.44,6.94,4.7,2.24,28.32,87,80,8.4,594,Nintendo,E
Nintendo Land,WiiU,2012,Misc,Nintendo,2.52,1.11,0.46,0.33,4.42,77,61,7.9,471,Nintendo,E10+
Pandora's Tower,Wii,2011,Role-Playing,Nintendo,0.11,0.1,0.08,0.02,0.31,73,48,8,99,Ganbarion,T
Paper Mario: Color Splash,WiiU,2016,Role-Playing,Nintendo,0.2,0.14,0.05,0.03,0.42,75,72,6.8,208,"Nintendo, Intelligent Systems",E
Paper Mario: Sticker Star,3DS,2012,Role-Playing,Nintendo,1.12,0.41,0.64,0.14,2.3,75,69,5.6,382,Intelligent Systems,E
Personal Trainer: Cooking,DS,2006,Misc,Nintendo,0.9,1,1.03,0.17,3.11,81,12,7.8,10,Indies Zero,E
Picross 3D,DS,2009,Puzzle,Nintendo,0.28,0.03,0.16,0.02,0.49,83,35,8.4,33,HAL Labs,E
Picross DS,DS,2007,Puzzle,Nintendo,0.17,0.02,0.3,0.02,0.5,83,33,8.7,36,Jupiter Corporation,E
Pikmin 3,WiiU,2013,Strategy,Nintendo,0.44,0.32,0.29,0.07,1.11,87,79,8.7,664,Nintendo,E10+
PilotWings Resort,3DS,2011,Simulation,Nintendo,0.4,0.36,0.13,0.07,0.95,71,64,7.4,88,Monster Games Inc.,E
Planet Puzzle League,DS,2007,Puzzle,Nintendo,0.14,0.01,0.16,0.01,0.33,86,25,8.2,15,Intelligent Systems,E
Pok??mon Mystery Dungeon: Blue Rescue Team,DS,2005,Role-Playing,Nintendo,1.15,0.04,0.83,0,2.02,62,34,8.1,97,ChunSoft,E
Pok??mon Platinum Version,DS,2008,Role-Playing,Nintendo,2.76,1.72,2.69,0.54,7.72,83,46,8.5,203,Game Freak,E
Pok??Park Wii: Pikachu's Adventure,Wii,2009,Adventure,Nintendo,0.53,0.16,0.42,0.06,1.17,62,22,7.2,36,Creatures Inc.,E
Pokemon Art Academy ,3DS,2014,Misc,Nintendo,0.18,0.12,0.16,0.03,0.49,76,22,7.7,19,Headstrong Games,E
Pokemon Battle Revolution,Wii,2006,Role-Playing,Nintendo,0.78,0.37,0.3,0.13,1.58,53,34,6.7,106,Genius Sonority Inc.,E
Pokemon Conquest,DS,2012,Role-Playing,Nintendo,0.56,0.05,0.37,0.04,1.02,80,40,8.2,89,Koei,E
Pokemon Dash,DS,2004,Racing,Nintendo,0.21,0.14,0.38,0.04,0.77,46,28,5.9,34,Ambrella,E
Pokemon Mystery Dungeon: Explorers of Sky,DS,2009,Role-Playing,Nintendo,0.57,0.43,0.44,0.12,1.56,54,26,9,133,ChunSoft,E
Pokemon Mystery Dungeon: Gates to Infinity,3DS,2012,Role-Playing,Nintendo,0.44,0.29,0.47,0.07,1.27,59,46,6.3,134,"Nintendo, Spike Chunsoft",E
Pokemon Ranger,DS,2006,Role-Playing,Nintendo,1.28,0.03,0.73,0.12,2.15,69,21,7.6,50,HAL Labs,E
Pokemon Ranger: Guardian Signs,DS,2010,Role-Playing,Nintendo,0.5,0.16,0.58,0.05,1.29,68,25,8.2,25,Creatures Inc.,E
Pokemon Ranger: Shadows of Almia,DS,2008,Role-Playing,Nintendo,0.94,0.53,0.62,0.18,2.28,68,24,8.2,27,"HAL Labs, Creatures Inc.",E
Pokemon Rumble Blast,3DS,2011,Action,Nintendo,0.47,0.26,0.35,0.07,1.14,56,36,7.1,50,Ambrella,E10+
Pokemon Rumble World,3DS,2015,Action,Nintendo,0,0.01,0.08,0,0.09,58,16,6.4,69,"Ambrella, The Pokemon Company",E10+
Pokemon Super Mystery Dungeon,3DS,2015,Role-Playing,Nintendo,0.48,0.35,0.34,0.08,1.25,69,44,8.8,190,"Spike Chunsoft Co. Ltd., Spike Chunsoft",E
PokePark 2: Wonders Beyond,Wii,2011,Action,Nintendo,0.26,0.19,0.27,0.04,0.75,60,18,7,27,Creatures Inc.,E
Polarium,DS,2004,Puzzle,Nintendo,0.13,0.01,0.11,0.01,0.26,73,34,8.4,17,Mitchell,E
Professor Layton and the Azran Legacy,3DS,2013,Puzzle,Nintendo,0,0.48,0.25,0.03,0.75,81,58,7.9,86,Level 5,E10+
Professor Layton and the Curious Village,DS,2007,Puzzle,Nintendo,1.21,2.43,1.03,0.52,5.19,85,72,8.6,147,Level 5,E
Professor Layton and the Diabolical Box,DS,2007,Puzzle,Nintendo,0.9,1.76,0.92,0.37,3.94,84,65,8.8,72,Level 5,E10+
Professor Layton and the Last Specter,DS,2009,Puzzle,Nintendo,0.28,1.39,0.68,0.32,2.67,83,58,8.7,52,Level 5,E10+
Professor Layton and the Unwound Future,DS,2008,Puzzle,Nintendo,0.6,1.57,0.82,0.27,3.26,86,62,9.2,111,Level 5,E10+
Rhythm Heaven,DS,2008,Misc,Nintendo,0.55,0.5,1.93,0.13,3.11,83,48,9,63,Nintendo,E
Samurai Warriors 3,Wii,2009,Action,Nintendo,0.09,0.02,0.32,0.01,0.44,55,26,7.2,22,Omega Force,T
Sing Party,WiiU,2012,Misc,Nintendo,0.13,0.12,0,0.02,0.27,60,21,5.4,18,FreeStyleGames,E10+
Solatorobo: Red the Hunter,DS,2010,Role-Playing,Nintendo,0.08,0.04,0.07,0.01,0.2,76,40,7.9,23,CyberConnect2,E10+
Spirit Camera: The Cursed Memoir,3DS,2012,Adventure,Nintendo,0.13,0.02,0.06,0.01,0.22,54,35,6.1,28,Tecmo Koei Games,T
Splatoon,WiiU,2015,Shooter,Nintendo,1.54,1.18,1.46,0.26,4.43,81,88,8.5,1184,Nintendo,E10+
Star Fox 64 3D,3DS,2011,Shooter,Nintendo,0.48,0.27,0.13,0.06,0.94,81,65,8.2,231,Nintendo,E10+
Star Fox Command,DS,2006,Shooter,Nintendo,0.38,0.01,0.1,0.04,0.53,76,56,7.3,56,Q-Games,E10+
Star Fox: Zero,WiiU,2016,Shooter,Nintendo,0.17,0.1,0.07,0.03,0.36,69,82,7.4,662,PlatinumGames,E10+
Steel Diver,3DS,2011,Action,Nintendo,0.31,0.09,0.05,0.03,0.49,58,55,6.3,29,Nintendo,E10+
Story of Seasons,3DS,2014,Simulation,Nintendo,0,0.14,0.27,0.01,0.42,76,39,8.2,54,Marvelous AQL,E10+
Style Savvy,DS,2008,Simulation,Nintendo,0.62,0.82,0.96,0.18,2.58,73,4,7.7,7,syn Sophia,E
Style Savvy: Trendsetters,3DS,2012,Simulation,Nintendo,0.16,0.02,0.53,0.01,0.73,76,5,8,15,syn Sophia,E
Super Mario 3D Land,3DS,2011,Platform,Nintendo,4.89,3,2.14,0.78,10.81,90,82,8.4,921,Nintendo,E
Super Mario 3D World,WiiU,2013,Platform,Nintendo,2.11,1.16,0.73,0.32,4.32,93,83,9,1607,Nintendo,E
Super Mario Galaxy,Wii,2007,Platform,Nintendo,6.06,3.35,1.2,0.74,11.35,97,73,8.9,2147,Nintendo,E
Super Mario Galaxy 2,Wii,2010,Platform,Nintendo,3.56,2.35,0.98,0.62,7.51,97,87,9.1,1854,Nintendo EAD Tokyo,E
Super Mario Maker,WiiU,2015,Platform,Nintendo,1.18,0.89,0.94,0.2,3.21,88,85,8.7,691,Nintendo,E
Super Paper Mario,Wii,2007,Platform,Nintendo,1.95,0.86,0.59,0.31,3.71,85,56,7.9,417,Intelligent Systems,E
Super Princess Peach,DS,2005,Platform,Nintendo,0.7,0.05,0.21,0.07,1.03,75,48,7.6,33,TOSE,E
Super Smash Bros. Brawl,Wii,2008,Fighting,Nintendo,6.62,2.55,2.66,1.01,12.84,93,81,8.9,1662,Game Arts,T
Super Swing Golf,Wii,2006,Sports,Nintendo,0.14,0.01,0.07,0.01,0.22,72,44,7.8,15,"Tecmo, Ntreev Soft",E10+
Tekken 3D: Prime Edition,3DS,2012,Fighting,Nintendo,0.06,0.07,0.05,0.01,0.2,64,42,5.9,39,Arika,T
Tetris DS,DS,2006,Puzzle,Nintendo,0.63,0.05,1.35,0.08,2.1,84,56,8.7,44,Nintendo,E
Tetris Party Deluxe,Wii,2010,Puzzle,Nintendo,0.33,0.16,0.02,0.05,0.56,72,19,5.8,4,"Tetris Online, Inc",E
The Last Story,Wii,2011,Role-Playing,Nintendo,0.3,0.13,0.18,0.04,0.65,80,61,8.4,179,"Mistwalker, Artoon",T
The Legend of Zelda: A Link Between Worlds,3DS,2013,Action,Nintendo,1.4,1.01,0.46,0.23,3.1,91,81,8.9,1057,Nintendo,E
The Legend of Zelda: Majora's Mask 3D,3DS,2015,Action,Nintendo,1.15,0.55,0.47,0.17,2.34,89,82,9,478,GREZZO,E10+
The Legend of Zelda: Phantom Hourglass,DS,2007,Action,Nintendo,1.85,1.8,0.95,0.48,5.08,90,57,8,416,Nintendo,E
The Legend of Zelda: Skyward Sword,Wii,2011,Action,Nintendo,2.03,1.16,0.37,0.38,3.95,93,81,8,1958,Nintendo,E10+
The Legend of Zelda: Spirit Tracks,DS,2009,Action,Nintendo,1.4,0.91,0.74,0.26,3.31,87,75,7.8,228,Nintendo,E10+
The Legend of Zelda: Tri Force Heroes,3DS,2015,Action,Nintendo,0.53,0.33,0.17,0.08,1.12,73,73,7.6,179,Nintendo,E
The Legend of Zelda: Twilight Princess,Wii,2006,Action,Nintendo,3.74,2.14,0.6,0.68,7.15,95,73,9,1658,Nintendo,T
The Legend of Zelda: Twilight Princess HD,WiiU,2016,Action,Nintendo,0.56,0.3,0.08,0.09,1.03,86,74,8.4,329,"Tantalus Interactive, Tantatus, Nintendo",T
The Legendary Starfy,DS,2008,Platform,Nintendo,0.6,0,0.2,0.05,0.85,75,25,8.4,26,TOSE,E
The Wonderful 101,WiiU,2013,Action,Nintendo,0.19,0.1,0.08,0.03,0.4,78,75,8.5,495,PlatinumGames,T
Trace Memory,DS,2005,Adventure,Nintendo,0.15,0.01,0.12,0.01,0.29,70,51,8.1,42,Cing,T
Trauma Center: New Blood,Wii,2007,Simulation,Nintendo,0.22,0.04,0.01,0.02,0.29,77,43,8,20,Atlus,T
Trauma Center: Second Opinion,Wii,2006,Simulation,Nintendo,0.28,0.01,0.03,0.03,0.34,80,49,8,47,Atlus,T
Trauma Center: Under the Knife,DS,2005,Simulation,Nintendo,0.3,0.01,0.02,0.03,0.35,81,45,8.7,45,ITL,T
True Swing Golf,DS,2005,Sports,Nintendo,0.11,0,0.04,0.01,0.16,66,32,7.7,11,T&E Soft,E
Wario: Master of Disguise,DS,2007,Platform,Nintendo,0.28,0.02,0.33,0.03,0.65,60,35,7.4,19,Suzak,E10+
WarioWare D.I.Y.,DS,2009,Misc,Nintendo,0.17,0.18,0.2,0.04,0.59,82,53,8.7,39,Intelligent Systems,E
WarioWare: Smooth Moves,Wii,2006,Puzzle,Nintendo,0.86,1.04,0.73,0.26,2.89,83,61,7.4,179,Intelligent Systems,E10+
Wii Fit,Wii,2007,Sports,Nintendo,8.92,8.03,3.6,2.15,22.7,80,63,7.7,146,Nintendo,E
Wii Fit Plus,Wii,2009,Sports,Nintendo,9.01,8.49,2.53,1.77,21.79,80,33,7.4,52,Nintendo,E
Wii Fit U,WiiU,2013,Sports,Nintendo,0.35,0.23,0.21,0.05,0.85,72,19,7.7,72,Nintendo,E
Wii Music,Wii,2008,Misc,Nintendo,1.35,1.11,0.46,0.32,3.25,63,43,4.6,116,Nintendo,E
Wii Party,Wii,2010,Misc,Nintendo,1.75,3.47,2.49,0.67,8.38,68,42,7.4,54,Nd Cube,E
Wii Party U,WiiU,2013,Misc,Nintendo,0.3,0.56,0.84,0.05,1.75,65,38,6.8,135,Nd Cube,E
Wii Play,Wii,2006,Misc,Nintendo,13.96,9.18,2.93,2.84,28.92,58,41,6.6,129,Nintendo,E
Wii Play: Motion,Wii,2011,Misc,Nintendo,0.23,0.42,0.18,0.09,0.92,60,34,6.1,16,Nintendo,E10+
Wii Sports,Wii,2006,Sports,Nintendo,41.36,28.96,3.77,8.45,82.53,76,51,8,322,Nintendo,E
Wii Sports Club,WiiU,2014,Sports,Nintendo,0.17,0.14,0.04,0.03,0.38,68,21,7,106,Nintendo,E10+
Wii Sports Resort,Wii,2009,Sports,Nintendo,15.61,10.93,3.28,2.95,32.77,80,73,8,192,Nintendo,E
Xenoblade Chronicles,Wii,2010,Role-Playing,Nintendo,0.43,0.25,0.16,0.07,0.91,92,59,8.9,950,Monolith Soft,T
Xenoblade Chronicles X,WiiU,2015,Role-Playing,Nintendo,0.36,0.28,0.14,0.06,0.84,84,87,8.9,1548,Monolith Soft,T
Yoshi's Island DS,DS,2006,Platform,Nintendo,1.45,0.07,1.1,0.15,2.76,81,42,7.4,67,Artoon,E
Yoshi's New Island,3DS,2014,Platform,Nintendo,0.48,0.53,0.28,0.09,1.38,64,71,6.1,155,Arzest,E
Yoshi's Woolly World,WiiU,2015,Platform,Nintendo,0.62,0.47,0.11,0.1,1.3,78,83,8.5,376,Good-Feel,E
